{
	"providers": [
		{
			"type": "ttf",
			"file": "minecraft:negative_spaces.ttf",
			"shift": [0.0, 0.0],
			"oversample": 1.0,
			"size": 10.0
		},
		{
			"type": "bitmap",
			"file": "minecraft:font/custom/misc/fade.png",
			"ascent": 128,
			"height": 1280,
			"size": 10000.0,
			"chars": [
				"\uE101"
			]
		},
		{
			"type": "bitmap",
			"file": "minecraft:font/custom/templates/dark_red.png",
			"ascent": 8,
			"height": 10,
			"chars": [
				"\uE102"
			]
		},
		{
			"type": "bitmap",
			"file": "minecraft:font/custom/templates/cyan.png",
			"ascent": 8,
			"height": 10,
			"chars": [
				"\uE103"
			]
		},		
		{
			"type": "bitmap",
			"file": "minecraft:font/custom/templates/dark_blue.png",
			"ascent": 8,
			"height": 10,
			"chars": [
				"\uE104"
			]
		},
		{
			"type": "bitmap",
			"file": "minecraft:font/custom/templates/blue.png",
			"ascent": 8,
			"height": 10,
			"chars": [
				"\uE105"
			]
		},
		{
			"type": "bitmap",
			"file": "minecraft:font/custom/templates/gold.png",
			"ascent": 8,
			"height": 10,
			"chars": [
				"\uE106"
			]
		},		
		{
			"type": "bitmap",
			"file": "minecraft:font/custom/templates/light_purple.png",
			"ascent": 8,
			"height": 10,
			"chars": [
				"\uE107"
			]
		},		
		{
			"type": "bitmap",
			"file": "minecraft:font/custom/templates/red.png",
			"ascent": 8,
			"height": 10,
			"chars": [
				"\uE108"
			]
		},
		{
			"type": "bitmap",
			"file": "minecraft:font/custom/templates/dark_purple.png",
			"ascent": 8,
			"height": 10,
			"chars": [
				"\uE109"
			]
		},
		{
			"type": "bitmap",
			"file": "minecraft:font/custom/templates/yellow.png",
			"ascent": 8,
			"height": 10,
			"chars": [
				"\uE110"
			]
		},
		{
			"type": "bitmap",
			"file": "minecraft:font/custom/templates/dark_green.png",
			"ascent": 8,
			"height": 10,
			"chars": [
				"\uE111"
			]
		},
		{
			"type": "bitmap",
			"file": "minecraft:font/custom/icons/admin.png",
			"ascent": 8,
			"chars": [
				"\uE112"
			]
		},
		{
			"type": "bitmap",
			"file": "minecraft:font/custom/icons/developer.png",
			"ascent": 7,
			"chars": [
				"\uE113"
			]
		},
		{
			"type": "bitmap",
			"file": "minecraft:font/custom/icons/discord.png",
			"ascent": 8,
			"chars": [
				"\uE114"
			]
		},
		{
			"type": "bitmap",
			"file": "minecraft:font/custom/icons/responsable.png",
			"ascent": 7,
			"chars": [
				"\uE115"
			]
		},
		{
			"type": "bitmap",
			"file": "minecraft:font/custom/misc/blockfarmers.png",
			"ascent": 48,
			"height": 64,
			"chars": [
				"\uE116"
			]
		},
		{
			"type": "bitmap",
			"file": "minecraft:font/custom/icons/super_modo.png",
			"ascent": 7,
			"chars": [
				"\uE117"
			]
		},
		{
			"type": "bitmap",
			"file": "minecraft:font/custom/icons/modo.png",
			"ascent": 7,
			"chars": [
				"\uE118"
			]
		},
		{
			"type": "bitmap",
			"file": "minecraft:font/custom/icons/modo_tchat.png",
			"ascent": 7,
			"chars": [
				"\uE119"
			]
		},
		{
			"type": "bitmap",
			"file": "minecraft:font/custom/icons/builder.png",
			"ascent": 7,
			"chars": [
				"\uE120"
			]
		},
		{
			"type": "bitmap",
			"file": "minecraft:font/custom/icons/streamer.png",
			"ascent": 7,
			"chars": [
				"\uE121"
			]
		},
		{
			"type": "bitmap",
			"file": "minecraft:font/custom/icons/youtuber.png",
			"ascent": 7,
			"chars": [
				"\uE122"
			]
		},
		{
			"type": "bitmap",
			"file": "minecraft:font/custom/icons/vip_p.png",
			"ascent": 7,
			"chars": [
				"\uE123"
			]
		},
		{
			"type": "bitmap",
			"file": "minecraft:font/custom/icons/vip.png",
			"ascent": 7,
			"chars": [
				"\uE124"
			]
		},
		{
			"type": "bitmap",
			"file": "minecraft:font/custom/icons/legende.png",
			"ascent": 7,
			"chars": [
				"\uE125"
			]
		},
		{
			"type": "bitmap",
			"file": "minecraft:font/custom/icons/legion.png",
			"ascent": 7,
			"chars": [
				"\uE126"
			]
		},
		{
			"type": "bitmap",
			"file": "minecraft:font/custom/icons/epique.png",
			"ascent": 7,
			"chars": [
				"\uE127"
			]
		},
		{
			"type": "bitmap",
			"file": "minecraft:font/custom/icons/paysan.png",
			"ascent": 7,
			"chars": [
				"\uE128"
			]
		},		
		{
			"type": "bitmap",
			"file": "minecraft:font/custom/icons/cheater.png",
			"ascent": 7,
			"chars": [
				"\uE129"
			]
		},
		{
			"type": "bitmap",
			"file": "minecraft:font/custom/templates/green.png",
			"ascent": 8,
			"height": 10,
			"chars": [
				"\uE130"
			]
		},
		{
			"type": "bitmap",
			"file": "minecraft:font/custom/templates/dark_gray.png",
			"ascent": 8,
			"height": 10,
			"chars": [
				"\uE131"
			]
		},		
		{
			"type": "bitmap",
			"file": "minecraft:font/custom/icons/community_manager.png",
			"ascent": 7,
			"chars": [
				"\uE132"
			]
		}
	]
}