{
	"credit": "Made with Blockbench",
	"texture_size": [64, 64],
	"textures": {
		"0": "lelapin2:furniturs/miss",
		"1": "lelapin2:furniturs/table",
		"particle": "lelapin2:furniturs/miss"
	},
	"elements": [
		{
			"from": [-6, 0, 6],
			"to": [-2, 22, 10],
			"faces": {
				"north": {"uv": [5.75, 0, 6.75, 5.5], "texture": "#1"},
				"east": {"uv": [5.75, 5.5, 6.75, 11], "texture": "#1"},
				"south": {"uv": [6.75, 0, 7.75, 5.5], "texture": "#1"},
				"west": {"uv": [6.75, 5.5, 7.75, 11], "texture": "#1"},
				"up": {"uv": [8.75, 2, 7.75, 1], "texture": "#1"},
				"down": {"uv": [8.75, 2, 7.75, 3], "texture": "#1"}
			}
		},
		{
			"from": [19, 0, 6],
			"to": [23, 22, 10],
			"faces": {
				"north": {"uv": [0, 7.5, 1, 13], "texture": "#1"},
				"east": {"uv": [1, 7.5, 2, 13], "texture": "#1"},
				"south": {"uv": [2, 7.5, 3, 13], "texture": "#1"},
				"west": {"uv": [3, 7.5, 4, 13], "texture": "#1"},
				"up": {"uv": [8.75, 4, 7.75, 3], "texture": "#1"},
				"down": {"uv": [8.75, 4, 7.75, 5], "texture": "#1"}
			}
		},
		{
			"from": [-3, 5, 7],
			"to": [20, 20, 9],
			"faces": {
				"north": {"uv": [0, 0, 5.75, 3.75], "texture": "#1"},
				"east": {"uv": [4, 7.5, 4.5, 11.25], "texture": "#1"},
				"south": {"uv": [0, 3.75, 5.75, 7.5], "texture": "#1"},
				"west": {"uv": [4.5, 7.5, 5, 11.25], "texture": "#1"},
				"up": {"uv": [13.5, 0.5, 7.75, 0], "texture": "#1"},
				"down": {"uv": [13.5, 0.5, 7.75, 1], "texture": "#1"}
			}
		},
		{
			"from": [-2, 4, 6],
			"to": [0, 6, 10],
			"faces": {
				"north": {"uv": [9.75, 6, 10.25, 6.5], "texture": "#1"},
				"east": {"uv": [8.75, 1, 9.75, 1.5], "texture": "#1"},
				"south": {"uv": [9.75, 6.5, 10.25, 7], "texture": "#1"},
				"west": {"uv": [8.75, 1.5, 9.75, 2], "texture": "#1"},
				"up": {"uv": [5.5, 8.5, 5, 7.5], "texture": "#1"},
				"down": {"uv": [5.5, 8.5, 5, 9.5], "texture": "#1"}
			}
		},
		{
			"from": [-2, 19, 6],
			"to": [0, 21, 10],
			"faces": {
				"north": {"uv": [9.75, 8, 10.25, 8.5], "texture": "#1"},
				"east": {"uv": [8.75, 2, 9.75, 2.5], "texture": "#1"},
				"south": {"uv": [9.75, 8.5, 10.25, 9], "texture": "#1"},
				"west": {"uv": [8.75, 2.5, 9.75, 3], "texture": "#1"},
				"up": {"uv": [9.25, 4, 8.75, 3], "texture": "#1"},
				"down": {"uv": [9.25, 4, 8.75, 5], "texture": "#1"}
			}
		},
		{
			"from": [17, 19, 6],
			"to": [19, 21, 10],
			"faces": {
				"north": {"uv": [7.75, 10, 8.25, 10.5], "texture": "#1"},
				"east": {"uv": [8.75, 5, 9.75, 5.5], "texture": "#1"},
				"south": {"uv": [8.25, 10, 8.75, 10.5], "texture": "#1"},
				"west": {"uv": [8.75, 5.5, 9.75, 6], "texture": "#1"},
				"up": {"uv": [9.25, 7, 8.75, 6], "texture": "#1"},
				"down": {"uv": [9.25, 7, 8.75, 8], "texture": "#1"}
			}
		},
		{
			"from": [17, 4, 6],
			"to": [19, 6, 10],
			"faces": {
				"north": {"uv": [8.75, 10, 9.25, 10.5], "texture": "#1"},
				"east": {"uv": [8.75, 8, 9.75, 8.5], "texture": "#1"},
				"south": {"uv": [9.25, 10, 9.75, 10.5], "texture": "#1"},
				"west": {"uv": [8.75, 8.5, 9.75, 9], "texture": "#1"},
				"up": {"uv": [8.25, 10, 7.75, 9], "texture": "#1"},
				"down": {"uv": [8.75, 9, 8.25, 10], "texture": "#1"}
			}
		},
		{
			"from": [-5, 22, 7],
			"to": [-3, 26, 9],
			"faces": {
				"north": {"uv": [8.75, 9, 9.25, 10], "texture": "#1"},
				"east": {"uv": [9.25, 3, 9.75, 4], "texture": "#1"},
				"south": {"uv": [9.25, 4, 9.75, 5], "texture": "#1"},
				"west": {"uv": [9.25, 6, 9.75, 7], "texture": "#1"},
				"up": {"uv": [10.25, 10.5, 9.75, 10], "texture": "#1"},
				"down": {"uv": [10.75, 1, 10.25, 1.5], "texture": "#1"}
			}
		},
		{
			"from": [19, 23, 6],
			"to": [23, 25, 10],
			"faces": {
				"north": {"uv": [9.75, 4, 10.75, 4.5], "texture": "#1"},
				"east": {"uv": [9.75, 4.5, 10.75, 5], "texture": "#1"},
				"south": {"uv": [9.75, 5, 10.75, 5.5], "texture": "#1"},
				"west": {"uv": [9.75, 5.5, 10.75, 6], "texture": "#1"},
				"up": {"uv": [8.75, 8, 7.75, 7], "texture": "#1"},
				"down": {"uv": [8.75, 8, 7.75, 9], "texture": "#1"}
			}
		},
		{
			"from": [20, 22, 7],
			"to": [22, 26, 9],
			"faces": {
				"north": {"uv": [5, 9.5, 5.5, 10.5], "texture": "#1"},
				"east": {"uv": [9.75, 1, 10.25, 2], "texture": "#1"},
				"south": {"uv": [9.75, 2, 10.25, 3], "texture": "#1"},
				"west": {"uv": [9.75, 3, 10.25, 4], "texture": "#1"},
				"up": {"uv": [10.75, 2, 10.25, 1.5], "texture": "#1"},
				"down": {"uv": [10.75, 2, 10.25, 2.5], "texture": "#1"}
			}
		},
		{
			"from": [-6, 23, 6],
			"to": [-2, 25, 10],
			"faces": {
				"north": {"uv": [9.25, 7, 10.25, 7.5], "texture": "#1"},
				"east": {"uv": [9.25, 7.5, 10.25, 8], "texture": "#1"},
				"south": {"uv": [9.25, 9, 10.25, 9.5], "texture": "#1"},
				"west": {"uv": [9.25, 9.5, 10.25, 10], "texture": "#1"},
				"up": {"uv": [8.75, 6, 7.75, 5], "texture": "#1"},
				"down": {"uv": [8.75, 6, 7.75, 7], "texture": "#1"}
			}
		}
	],
	"groups": [
		{
			"name": "group",
			"origin": [8, 8, 8],
			"color": 0,
			"children": []
		},
		0,
		1,
		2,
		3,
		4,
		5,
		6,
		7,
		8,
		9,
		10
	]
}